comment_id,user_id,post_id,content,timestamp
1,user_1,2,我的刀盾,2026-03-28 18:47:27
2,user_1,1,叽里咕噜说啥呢😅😅,2026-03-28 18:48:06
3,user_1,2,能看到吗,2026-03-28 19:17:23
4,user_1,5,你叫什么，哪个学校的，我要线下真实你,2026-03-29 10:14:21
5,user_12345,6,你好,2026-03-30 21:33:21
6,user_h2026,6,终于改好了,2026-03-31 00:46:07
7,user_1,134,就是,2026-04-01 14:24:37
8,user_1,124,出,2026-04-01 14:28:55
9,user_1,121,啥意思,2026-04-01 14:29:10
10,user_1,118,wc，你写文案呢,2026-04-01 14:29:26
11,user_1,117,一楼办事处,2026-04-01 14:29:47
12,user_1,116,你可以私信我，我推给你,2026-04-01 14:30:13
13,user_1,110,是的,2026-04-01 14:30:41
14,user_1,109,这是评论区，朋友,2026-04-01 14:30:57
15,user_1,103,好恐怖,2026-04-01 14:31:32
16,user_1,28,老弟什么实力,2026-04-01 14:32:11
17,user_1,30,我们学校还有校花大赛？😂,2026-04-01 14:32:33
18,user_1,4,我准了,2026-04-01 14:32:45
19,user_1,75,cpdd,2026-04-01 14:32:54
20,user_1,79,必须避雷,2026-04-01 14:33:11
21,user_1,88,伤感了，兄弟👬,2026-04-01 14:33:30
22,user_1,104,我上次也给偷了，可惜没校园送,2026-04-01 14:34:01
23,user_1,136,私信详谈,2026-04-01 14:34:23
24,user_1,138,救命，写帖子太累了😫,2026-04-01 14:37:21
25,user_1,137,需要出生证明和结婚手续,2026-04-01 14:37:45
26,user_1,135,收,2026-04-01 14:38:01
27,user_1,3,我也爱玩原神，加好友一起打风魔龙吧,2026-04-01 14:38:33
28,user_1,66,蹲,2026-04-01 14:38:50
29,user_1,65,哪个水果店你也不说,2026-04-01 14:39:06
30,user_1,64,来了兄弟,2026-04-01 14:39:15
31,user_1,62,真的假的,2026-04-01 14:39:35
32,user_1,60,那家一般说实话,2026-04-01 14:39:53
33,user_1,59,考央国企，英语四级和二级是基本的好啊,2026-04-01 14:40:39
34,user_1,58,长啥样？还要化妆？发个照片看看👀,2026-04-01 14:41:24
35,user_1,56,来C5-998，带价来,2026-04-01 14:42:12
36,user_1,54,还行吧，只能说,2026-04-01 14:42:34
37,user_1,53,我真棒,2026-04-01 14:42:43
38,user_1,51,用鸿蒙吧，鸿蒙最好了，用啥安卓，是在不行你用乌班图，哈哈哈哈,2026-04-01 14:44:00
39,user_1,49,我有，41码,2026-04-01 14:44:25
40,user_1,10,额，高露洁，哥们,2026-04-01 14:45:11
41,user_1,97,心理委员，我不得劲,2026-04-01 14:45:51
42,user_1,102,好家伙，树洞让你完成网易云了,2026-04-01 14:46:17
43,user_1,99,别再表达了，树洞你发这个，再发c s,2026-04-01 14:46:41
44,user_1,139,没事，下次记得让我们吃瓜,2026-04-01 14:47:24
45,user_1,25,你不发图片，谁知道你什么意思,2026-04-01 14:48:11
46,user_1,2,玩终末地玩傻了吧,2026-04-01 14:48:45
47,user_1,2,我爱玩原神,2026-04-01 14:49:12
48,user_1,31,nb兄弟👬，这都敢写,2026-04-01 14:50:25
49,user_1,129,s了可以开sw证明,2026-04-01 14:51:52
50,user_1,127,你说是数字媒体技术还是数字媒体艺术？,2026-04-01 14:52:21
51,user_1,138,😊笑了,2026-04-01 14:52:46
52,user_111,134,这期拉了,2026-04-01 14:53:48
53,user_111,125,这期神了,2026-04-01 14:53:58
54,user_1,133,nb,2026-04-01 14:53:58
55,user_1,132,可以，18就可以,2026-04-01 14:54:19
57,user_1,128,25行吗,2026-04-01 14:58:59
58,user_1,126,有的科目可能会重新分吧,2026-04-01 14:59:21
59,user_1,68,你给钱，他肯定建,2026-04-01 15:02:00
60,user_1,65,太挑了吧,2026-04-01 15:02:10
61,user_1,13,哈哈哈，老烟鬼了说是,2026-04-01 15:02:39
62,user_1,73,我❤️杨，原神再次表白羊羊绒,2026-04-01 15:03:33
63,user_1,3,旅行者，顶我上去,2026-04-01 15:04:27
64,user_1,64,100原石拿一次,2026-04-01 15:08:31
65,user_1,3,兑换码：yuan shen n b,2026-04-01 15:08:51
66,user_1,9,云南白药，黑人牙膏，经典永不过时,2026-04-01 15:10:00
67,user_1,7,白天没水吧，我记得,2026-04-01 15:10:14
68,user_12345,119,何意味,2026-04-01 15:11:46
69,user_12345,114,出大疆pocket3,2026-04-01 15:13:44
70,user_12345,113,你可以直接去闲🐟,2026-04-01 15:14:13
71,user_12345,111,不是,2026-04-01 15:14:37
72,user_12345,109,太性情了，老哥,2026-04-01 15:15:14
82,user_12345,5,哈哈哈哈😂,2026-04-01 15:53:17
83,user_12345,30,nb，校花大赛,2026-04-01 15:53:40
84,user_12345,28,老弟什么实力,2026-04-01 15:53:53
85,user_12345,26,水卡饭卡不是一卡通嘛,2026-04-01 15:54:09
86,user_12345,25,捡到就是我的了,2026-04-01 15:54:21
87,user_12345,24,交费用的孩子,2026-04-01 15:54:36
88,user_12345,22,c p d d,2026-04-01 15:56:54
89,user_12345,118,助农当情史写呗,2026-04-01 15:58:00
90,user_12345,108,会的,2026-04-01 15:58:18
91,user_12345,6,改好就行,2026-04-01 15:58:47
92,user_12345,6,18🈲,2026-04-01 15:59:15
93,user_12345,132,🈲,2026-04-01 15:59:42
94,user_12345,128,价格高点我会考虑,2026-04-01 16:00:08
95,user_12345,122,你助农还是写记叙文？,2026-04-01 16:02:53
96,user_12345,120,6,2026-04-01 16:03:04
106,user_2,139,急死我了,2026-04-01 16:15:22
107,user_2,137,他骗你的,2026-04-01 16:15:38
108,user_2,9,🤣🤣🤣🤣🤣🤣,2026-04-01 16:15:56
112,user_10086,33,去吧去吧，代表10086个支持你,2026-04-01 16:32:02
113,user_2,99,神了,2026-04-01 16:33:09
114,user_10086,28,论实力，脸皮厚点,2026-04-01 16:33:49
116,user_2,19,出书还是出耳机，还是都出,2026-04-01 16:38:08
117,user_2,18,30一次，洗吹另算，感觉一般,2026-04-01 16:38:42
118,user_2,17,好像没有吧,2026-04-01 16:38:55
119,user_2,16,🙏谢谢🙏，好人一生平安，马上去拿，好兄弟，下次请你吃,2026-04-01 16:39:31
120,user_2,25,我捡到了，私信下我,2026-04-01 16:59:29
121,user_2,76,谢谢，终于找到了,2026-04-01 17:00:05
122,user_2,117,去L8警卫处也有可能有,2026-04-01 17:00:33
123,user_2,124,收,2026-04-01 17:00:41
124,user_2,121,不好吃，你懂的,2026-04-01 17:01:05
125,user_2,110,志愿时长不是都需要么,2026-04-01 17:01:23
126,user_2,108,会,2026-04-01 17:01:31
127,user_2,105,这就开始要价了？真以为签到做题需要真的做么,2026-04-01 17:02:18
128,user_2,98,没事的没事的，都是小问题,2026-04-01 17:03:38
129,user_2,96,操场旁边有个活动中心，你去看吧看吧,2026-04-01 17:04:05
130,user_2,92,额，下次注意点,2026-04-01 17:04:34
131,user_2,89,你买无理由试试不就知道了,2026-04-01 17:05:12
132,user_2,87,有的有的,2026-04-01 17:06:05
133,user_2,86,够了，但劝你还是好好理解，背要背到什么时候,2026-04-01 17:06:41
134,user_2,85,6，你手机一直充电？,2026-04-01 17:07:01
135,user_2,67,便宜点，两块钱我收了,2026-04-01 17:07:42
136,user_2,63,可接,2026-04-01 17:08:00
137,user_2,52,带我一起😊,2026-04-01 17:08:29
138,user_2,22,可以，我来,2026-04-01 17:08:42
139,user_2,21,110，更好使，要不你直接打热线电话,2026-04-01 17:09:29
140,user_2,20,呵🤣，我有时间，但是我还要带一个人，介意嘛,2026-04-01 17:10:03
141,user_2,3,不愧是官方,2026-04-01 17:11:01
142,user_2,3,震撼首发,2026-04-01 17:11:10
143,user_2,1,叽里咕噜说啥呢,2026-04-01 17:11:23
144,user_2,14,出99新无笔记,2026-04-01 17:11:46
145,user_2,11,同收,2026-04-01 17:11:59
146,user_2,8,为什么不直接说健身卡，你语音识别有问题？,2026-04-01 17:12:27
147,user_2,5,这么强,2026-04-01 17:13:01
148,user_2,39,蹲,2026-04-01 17:13:16
149,user_2,38,这也能出？神了,2026-04-01 17:13:38
150,user_2,37,我有空间直角坐标系，你要不,2026-04-01 17:14:06
151,user_2,35,多少,2026-04-01 17:14:23
152,user_2,34,等我跟你私信一下吧,2026-04-01 17:14:38
153,user_2,29,你怎么会出现在二手交易6,2026-04-01 17:14:53
